<?xml version="1.0" encoding="UTF-8"?>
<metadata modelVersion="1.1.0">
  <groupId>org.springframework.boot</groupId>
  <artifactId>spring-boot-starter-actuator</artifactId>
  <version>2.1.2.BUILD-SNAPSHOT</version>
  <versioning>
    <snapshot>
      <timestamp>20181204.105811</timestamp>
      <buildNumber>5</buildNumber>
    </snapshot>
    <lastUpdated>20181204105812</lastUpdated>
    <snapshotVersions>
      <snapshotVersion>
        <extension>jar</extension>
        <value>2.1.2.BUILD-20181204.105811-5</value>
        <updated>20181204105811</updated>
      </snapshotVersion>
      <snapshotVersion>
        <extension>pom</extension>
        <value>2.1.2.BUILD-20181204.105811-5</value>
        <updated>20181204105811</updated>
      </snapshotVersion>
    </snapshotVersions>
  </versioning>
</metadata>
