<?xml version="1.0" encoding="UTF-8"?>
<metadata modelVersion="1.1.0">
  <groupId>org.springframework.boot</groupId>
  <artifactId>spring-boot-devtools</artifactId>
  <version>2.1.2.BUILD-SNAPSHOT</version>
  <versioning>
    <snapshot>
      <timestamp>20181204.105759</timestamp>
      <buildNumber>5</buildNumber>
    </snapshot>
    <lastUpdated>20181204105800</lastUpdated>
    <snapshotVersions>
      <snapshotVersion>
        <classifier>javadoc</classifier>
        <extension>jar</extension>
        <value>2.1.2.BUILD-20181204.105759-5</value>
        <updated>20181204105759</updated>
      </snapshotVersion>
      <snapshotVersion>
        <classifier>sources</classifier>
        <extension>jar</extension>
        <value>2.1.2.BUILD-20181204.105759-5</value>
        <updated>20181204105759</updated>
      </snapshotVersion>
      <snapshotVersion>
        <extension>jar</extension>
        <value>2.1.2.BUILD-20181204.105759-5</value>
        <updated>20181204105759</updated>
      </snapshotVersion>
      <snapshotVersion>
        <extension>pom</extension>
        <value>2.1.2.BUILD-20181204.105759-5</value>
        <updated>20181204105759</updated>
      </snapshotVersion>
    </snapshotVersions>
  </versioning>
</metadata>
